<?xml version="1.0" encoding="UTF-8"?>
<!DOCTYPE mapper
PUBLIC "-//mybatis.org//DTD Mapper 3.0//EN"
"http://mybatis.org/dtd/mybatis-3-mapper.dtd">

<mapper namespace="org.hdcd.mapper.ItemMapper">

	<insert id="create">
		INSERT INTO item 
			 (
			   item_name,
			   item_category, 
			   price, 
			   description, 
			   picture_url,
			   preview_url,
			   reg_date
			   
			 )
		VALUES
			 (
			   #{itemName},
			   #{itemCategory},
			   #{price},
			   #{description},
			   #{pictureUrl},
			   #{previewUrl},
			   now()
			 )
	</insert>

	<select id="read" resultType="Item">
		SELECT item_id, 
			   item_name, 
			   price, 
			   description, 
			   picture_url,
			   preview_url,
			   reg_date,
			   upd_date
		  FROM item
		 WHERE item_id = #{itemId}
	</select>

	<update id="update">
		UPDATE item 
		   SET item_name = #{itemName}, 
		   	   price = #{price},
		   	   description = #{description},
		   	   picture_url = #{pictureUrl},
		   	   preview_url = #{previewUrl},
			   upd_date = now()
		 WHERE item_id = #{itemId}
	</update>

	<delete id="delete">
		DELETE FROM item 
		 WHERE item_id = #{itemId}
	</delete>

	<select id="list" resultType="Item">
		<![CDATA[
	 	SELECT item_id, 
	 		   item_name, 
	 		   price, 
	 		   description, 
	 		   picture_url,
	 		   preview_url,
			   reg_date,
			   upd_date
	 	  FROM item 
	 	 WHERE item_id > 0 
	  ORDER BY item_id DESC
	 	]]>
	</select>


	<select id="listCamera" resultType="Item">
		<![CDATA[
	 	SELECT item_id, 
	 		   item_name, 
	 		   price, 
	 		   description, 
	 		   picture_url,
	 		   preview_url,
			   reg_date,
			   upd_date
	 	  FROM item 
	 	 WHERE item_id IN (SELECT item_id
	 	 						FROM item
	 	 						WHERE item_category = 'camera'
	 	 						)
	  ORDER BY item_id DESC
	 	]]>
	</select>


	<select id="listBycicle" resultType="Item">
		<![CDATA[
	 	SELECT item_id, 
	 		   item_name, 
	 		   price, 
	 		   description, 
	 		   picture_url,
	 		   preview_url,
			   reg_date,
			   upd_date
	 	  FROM item 
	 	 WHERE item_id IN (SELECT item_id
	 	 						FROM item
	 	 						WHERE item_category = 'bycicle'
	 	 						)
	  ORDER BY item_id DESC
	 	]]>
	</select>


	<select id="listHiking" resultType="Item">
		<![CDATA[
	 	SELECT item_id, 
	 		   item_name, 
	 		   price, 
	 		   description, 
	 		   picture_url,
	 		   preview_url,
			   reg_date,
			   upd_date
	 	  FROM item 
	 	 WHERE item_id IN (SELECT item_id
	 	 						FROM item
	 	 						WHERE item_category = 'hiking'
	 	 						)
	  ORDER BY item_id DESC
	 	]]>
	</select>
	

	<select id="listSwimming" resultType="Item">
		<![CDATA[
	 	SELECT item_id, 
	 		   item_name, 
	 		   price, 
	 		   description, 
	 		   picture_url,
	 		   preview_url,
			   reg_date,
			   upd_date
	 	  FROM item 
	 	 WHERE item_id IN (SELECT item_id
	 	 						FROM item
	 	 						WHERE item_category = 'swimming'
	 	 						) 
	  ORDER BY item_id DESC
	 	]]>
	</select>
	

	<select id="listCamping" resultType="Item">
		<![CDATA[
	 	SELECT item_id, 
	 		   item_name, 
	 		   price, 
	 		   description, 
	 		   picture_url,
	 		   preview_url,
			   reg_date,
			   upd_date
	 	  FROM item 
	 	 WHERE item_id IN (SELECT item_id
	 	 						FROM item
	 	 						WHERE item_category = 'camping'
	 	 						)
	  ORDER BY item_id DESC
	 	]]>
	</select>
	

	<select id="listFishing" resultType="Item">
		<![CDATA[
	 	SELECT item_id, 
	 		   item_name, 
	 		   price, 
	 		   description, 
	 		   picture_url,
	 		   preview_url,
			   reg_date,
			   upd_date
	 	  FROM item 
	 	 WHERE item_id IN (SELECT item_id
	 	 						FROM item
	 	 						WHERE item_category = 'fishing'
	 	 						)
	  ORDER BY item_id DESC
	 	]]>
	</select>
	

	<select id="listBoardgame" resultType="Item">
		<![CDATA[
	 	SELECT item_id, 
	 		   item_name, 
	 		   price, 
	 		   description, 
	 		   picture_url,
	 		   preview_url,
			   reg_date,
			   upd_date
	 	  FROM item 
	 	 WHERE item_id IN (SELECT item_id
	 	 						FROM item
	 	 						WHERE item_category = 'boardgame'
	 	 						) 
	  ORDER BY item_id DESC
	 	]]>
	</select>
	

	<select id="listOthers" resultType="Item">
		<![CDATA[
	 	SELECT item_id, 
	 		   item_name, 
	 		   price, 
	 		   description, 
	 		   picture_url,
	 		   preview_url,
			   reg_date,
			   upd_date
	 	  FROM item 
	 	 WHERE item_id IN (SELECT item_id
	 	 						FROM item
	 	 						WHERE item_category = 'others'
	 	 						)
	  ORDER BY item_id DESC
	 	]]>
	</select>
	

	
	<select id="getPicture" resultType="String">
		SELECT picture_url 
		  FROM item 
		 WHERE item_id = #{itemId}
	</select>

	<select id="getPreview" resultType="String">
		SELECT preview_url 
		  FROM item 
		 WHERE item_id = #{itemId}
	</select>
	
</mapper>
